{
    "confidence_score": 0.8632152676582336,
    "ptm": 0.8086888790130615,
    "iptm": 0.6577942371368408,
    "ligand_iptm": 0.0,
    "protein_iptm": 0.6577942371368408,
    "complex_plddt": 0.9145704507827759,
    "complex_iplddt": 0.8638343811035156,
    "complex_pde": 0.47465673089027405,
    "complex_ipde": 5.7958221435546875,
    "chains_ptm": {
        "0": 0.9677055478096008,
        "1": 0.9751076698303223
    },
    "pair_chains_iptm": {
        "0": {
            "0": 0.9677055478096008,
            "1": 0.6577942371368408
        },
        "1": {
            "0": 0.6413447260856628,
            "1": 0.9751076698303223
        }
    }
}