{
    "confidence_score": 0.7894677519798279,
    "ptm": 0.6101440787315369,
    "iptm": 0.25425025820732117,
    "ligand_iptm": 0.0,
    "protein_iptm": 0.25425025820732117,
    "complex_plddt": 0.9232721328735352,
    "complex_iplddt": 0.8635488748550415,
    "complex_pde": 0.6735321879386902,
    "complex_ipde": 12.495176315307617,
    "chains_ptm": {
        "0": 0.962216317653656,
        "1": 0.9734504222869873
    },
    "pair_chains_iptm": {
        "0": {
            "0": 0.962216317653656,
            "1": 0.23038719594478607
        },
        "1": {
            "0": 0.25425025820732117,
            "1": 0.9734504222869873
        }
    }
}