{
    "confidence_score": 0.7911666035652161,
    "ptm": 0.6613699793815613,
    "iptm": 0.34524011611938477,
    "ligand_iptm": 0.0,
    "protein_iptm": 0.34524011611938477,
    "complex_plddt": 0.9026482105255127,
    "complex_iplddt": 0.8725444078445435,
    "complex_pde": 0.7286973595619202,
    "complex_ipde": 11.605245590209961,
    "chains_ptm": {
        "0": 0.9679003953933716,
        "1": 0.956781268119812
    },
    "pair_chains_iptm": {
        "0": {
            "0": 0.9679003953933716,
            "1": 0.33935782313346863
        },
        "1": {
            "0": 0.34524011611938477,
            "1": 0.956781268119812
        }
    }
}