{
    "confidence_score": 0.857364296913147,
    "ptm": 0.7730363011360168,
    "iptm": 0.55681312084198,
    "ligand_iptm": 0.0,
    "protein_iptm": 0.55681312084198,
    "complex_plddt": 0.932502031326294,
    "complex_iplddt": 0.894953727722168,
    "complex_pde": 0.48765403032302856,
    "complex_ipde": 7.5546183586120605,
    "chains_ptm": {
        "0": 0.9720349907875061,
        "1": 0.9776974320411682
    },
    "pair_chains_iptm": {
        "0": {
            "0": 0.9720349907875061,
            "1": 0.55681312084198
        },
        "1": {
            "0": 0.5567843914031982,
            "1": 0.9776974320411682
        }
    }
}