{
    "confidence_score": 0.7788766026496887,
    "ptm": 0.6376221179962158,
    "iptm": 0.31235477328300476,
    "ligand_iptm": 0.0,
    "protein_iptm": 0.31235477328300476,
    "complex_plddt": 0.8955070376396179,
    "complex_iplddt": 0.8333861231803894,
    "complex_pde": 0.6382620930671692,
    "complex_ipde": 10.283700942993164,
    "chains_ptm": {
        "0": 0.9675828218460083,
        "1": 0.952470064163208
    },
    "pair_chains_iptm": {
        "0": {
            "0": 0.9675828218460083,
            "1": 0.30497151613235474
        },
        "1": {
            "0": 0.31235477328300476,
            "1": 0.952470064163208
        }
    }
}