{
    "confidence_score": 0.7940436601638794,
    "ptm": 0.6461093425750732,
    "iptm": 0.3008914291858673,
    "ligand_iptm": 0.0,
    "protein_iptm": 0.3008914291858673,
    "complex_plddt": 0.9173316955566406,
    "complex_iplddt": 0.8820135593414307,
    "complex_pde": 0.5791642665863037,
    "complex_ipde": 11.298354148864746,
    "chains_ptm": {
        "0": 0.9728173017501831,
        "1": 0.9795544743537903
    },
    "pair_chains_iptm": {
        "0": {
            "0": 0.9728173017501831,
            "1": 0.28727149963378906
        },
        "1": {
            "0": 0.3008914291858673,
            "1": 0.9795544743537903
        }
    }
}