{
    "confidence_score": 0.8173288702964783,
    "ptm": 0.6929149031639099,
    "iptm": 0.38867372274398804,
    "ligand_iptm": 0.0,
    "protein_iptm": 0.38867372274398804,
    "complex_plddt": 0.9244926571846008,
    "complex_iplddt": 0.880997359752655,
    "complex_pde": 0.5256175994873047,
    "complex_ipde": 9.59239387512207,
    "chains_ptm": {
        "0": 0.9704383015632629,
        "1": 0.9763281345367432
    },
    "pair_chains_iptm": {
        "0": {
            "0": 0.9704383015632629,
            "1": 0.38867372274398804
        },
        "1": {
            "0": 0.3856984078884125,
            "1": 0.9763281345367432
        }
    }
}