{
    "confidence_score": 0.7777122855186462,
    "ptm": 0.587928295135498,
    "iptm": 0.21973639726638794,
    "ligand_iptm": 0.0,
    "protein_iptm": 0.21973639726638794,
    "complex_plddt": 0.9172062277793884,
    "complex_iplddt": 0.8684782385826111,
    "complex_pde": 0.6167402267456055,
    "complex_ipde": 12.040472984313965,
    "chains_ptm": {
        "0": 0.9652351140975952,
        "1": 0.9785097241401672
    },
    "pair_chains_iptm": {
        "0": {
            "0": 0.9652351140975952,
            "1": 0.165851891040802
        },
        "1": {
            "0": 0.21973639726638794,
            "1": 0.9785097241401672
        }
    }
}