{
    "confidence_score": 0.8426870703697205,
    "ptm": 0.7407037615776062,
    "iptm": 0.4884062707424164,
    "ligand_iptm": 0.0,
    "protein_iptm": 0.4884062707424164,
    "complex_plddt": 0.9312572479248047,
    "complex_iplddt": 0.88617342710495,
    "complex_pde": 0.5102935433387756,
    "complex_ipde": 8.464754104614258,
    "chains_ptm": {
        "0": 0.9694997072219849,
        "1": 0.9768670797348022
    },
    "pair_chains_iptm": {
        "0": {
            "0": 0.9694997072219849,
            "1": 0.48828184604644775
        },
        "1": {
            "0": 0.4884062707424164,
            "1": 0.9768670797348022
        }
    }
}