{
    "confidence_score": 0.8315218091011047,
    "ptm": 0.7256254553794861,
    "iptm": 0.45466291904449463,
    "ligand_iptm": 0.0,
    "protein_iptm": 0.45466291904449463,
    "complex_plddt": 0.9257364869117737,
    "complex_iplddt": 0.8878980875015259,
    "complex_pde": 0.5159604549407959,
    "complex_ipde": 9.238053321838379,
    "chains_ptm": {
        "0": 0.9702815413475037,
        "1": 0.9768231511116028
    },
    "pair_chains_iptm": {
        "0": {
            "0": 0.9702815413475037,
            "1": 0.45466291904449463
        },
        "1": {
            "0": 0.4507869482040405,
            "1": 0.9768231511116028
        }
    }
}