{
    "confidence_score": 0.8128738403320312,
    "ptm": 0.729561984539032,
    "iptm": 0.4715593755245209,
    "ligand_iptm": 0.0,
    "protein_iptm": 0.4715593755245209,
    "complex_plddt": 0.8982024192810059,
    "complex_iplddt": 0.8793301582336426,
    "complex_pde": 0.5929754972457886,
    "complex_ipde": 9.633772850036621,
    "chains_ptm": {
        "0": 0.9692866206169128,
        "1": 0.9584816694259644
    },
    "pair_chains_iptm": {
        "0": {
            "0": 0.9692866206169128,
            "1": 0.4715593755245209
        },
        "1": {
            "0": 0.459433913230896,
            "1": 0.9584816694259644
        }
    }
}