{
    "confidence_score": 0.8029927611351013,
    "ptm": 0.6703587770462036,
    "iptm": 0.33855873346328735,
    "ligand_iptm": 0.0,
    "protein_iptm": 0.33855873346328735,
    "complex_plddt": 0.9191012382507324,
    "complex_iplddt": 0.8723328709602356,
    "complex_pde": 0.6109286546707153,
    "complex_ipde": 10.324557304382324,
    "chains_ptm": {
        "0": 0.9691183567047119,
        "1": 0.9799771904945374
    },
    "pair_chains_iptm": {
        "0": {
            "0": 0.9691183567047119,
            "1": 0.3360940217971802
        },
        "1": {
            "0": 0.33855873346328735,
            "1": 0.9799771904945374
        }
    }
}