{
    "confidence_score": 0.7780225872993469,
    "ptm": 0.6058162450790405,
    "iptm": 0.23044033348560333,
    "ligand_iptm": 0.0,
    "protein_iptm": 0.23044033348560333,
    "complex_plddt": 0.9149181246757507,
    "complex_iplddt": 0.8703483939170837,
    "complex_pde": 0.6241296529769897,
    "complex_ipde": 12.554216384887695,
    "chains_ptm": {
        "0": 0.9673049449920654,
        "1": 0.9769572019577026
    },
    "pair_chains_iptm": {
        "0": {
            "0": 0.9673049449920654,
            "1": 0.20317794382572174
        },
        "1": {
            "0": 0.23044033348560333,
            "1": 0.9769572019577026
        }
    }
}