{
    "confidence_score": 0.7901946306228638,
    "ptm": 0.6412400007247925,
    "iptm": 0.28790006041526794,
    "ligand_iptm": 0.0,
    "protein_iptm": 0.28790006041526794,
    "complex_plddt": 0.9157682657241821,
    "complex_iplddt": 0.8812704682350159,
    "complex_pde": 0.5849499702453613,
    "complex_ipde": 11.360477447509766,
    "chains_ptm": {
        "0": 0.9689834117889404,
        "1": 0.9777711629867554
    },
    "pair_chains_iptm": {
        "0": {
            "0": 0.9689834117889404,
            "1": 0.279987633228302
        },
        "1": {
            "0": 0.28790006041526794,
            "1": 0.9777711629867554
        }
    }
}