{
    "confidence_score": 0.8625066876411438,
    "ptm": 0.7727616429328918,
    "iptm": 0.5642458200454712,
    "ligand_iptm": 0.0,
    "protein_iptm": 0.5642458200454712,
    "complex_plddt": 0.9370719194412231,
    "complex_iplddt": 0.8925203680992126,
    "complex_pde": 0.5206454992294312,
    "complex_ipde": 8.089142799377441,
    "chains_ptm": {
        "0": 0.9673647284507751,
        "1": 0.976777195930481
    },
    "pair_chains_iptm": {
        "0": {
            "0": 0.9673647284507751,
            "1": 0.5642458200454712
        },
        "1": {
            "0": 0.5248801112174988,
            "1": 0.976777195930481
        }
    }
}