{
    "confidence_score": 0.8155631422996521,
    "ptm": 0.6817982792854309,
    "iptm": 0.3749687373638153,
    "ligand_iptm": 0.0,
    "protein_iptm": 0.3749687373638153,
    "complex_plddt": 0.9257117509841919,
    "complex_iplddt": 0.8718263506889343,
    "complex_pde": 0.5785632729530334,
    "complex_ipde": 10.479140281677246,
    "chains_ptm": {
        "0": 0.969343900680542,
        "1": 0.9774739742279053
    },
    "pair_chains_iptm": {
        "0": {
            "0": 0.969343900680542,
            "1": 0.3749687373638153
        },
        "1": {
            "0": 0.37314462661743164,
            "1": 0.9774739742279053
        }
    }
}