{
    "confidence_score": 0.7949065566062927,
    "ptm": 0.6439363360404968,
    "iptm": 0.3112803101539612,
    "ligand_iptm": 0.0,
    "protein_iptm": 0.3112803101539612,
    "complex_plddt": 0.915813148021698,
    "complex_iplddt": 0.8735328316688538,
    "complex_pde": 0.5659456849098206,
    "complex_ipde": 10.527592658996582,
    "chains_ptm": {
        "0": 0.9695184826850891,
        "1": 0.9746265411376953
    },
    "pair_chains_iptm": {
        "0": {
            "0": 0.9695184826850891,
            "1": 0.28731170296669006
        },
        "1": {
            "0": 0.3112803101539612,
            "1": 0.9746265411376953
        }
    }
}