{
    "confidence_score": 0.8460289835929871,
    "ptm": 0.7608221173286438,
    "iptm": 0.5376223921775818,
    "ligand_iptm": 0.0,
    "protein_iptm": 0.5376223921775818,
    "complex_plddt": 0.9231306314468384,
    "complex_iplddt": 0.8907938599586487,
    "complex_pde": 0.5067716836929321,
    "complex_ipde": 7.9610443115234375,
    "chains_ptm": {
        "0": 0.9709104299545288,
        "1": 0.9773727059364319
    },
    "pair_chains_iptm": {
        "0": {
            "0": 0.9709104299545288,
            "1": 0.5376223921775818
        },
        "1": {
            "0": 0.510193943977356,
            "1": 0.9773727059364319
        }
    }
}