{
    "confidence_score": 0.9257976412773132,
    "ptm": 0.9217616319656372,
    "iptm": 0.8884289264678955,
    "ligand_iptm": 0.0,
    "protein_iptm": 0.8884289264678955,
    "complex_plddt": 0.9351397752761841,
    "complex_iplddt": 0.9265208840370178,
    "complex_pde": 0.41469454765319824,
    "complex_ipde": 1.8847558498382568,
    "chains_ptm": {
        "0": 0.971150279045105,
        "1": 0.9536401629447937
    },
    "pair_chains_iptm": {
        "0": {
            "0": 0.971150279045105,
            "1": 0.8884289264678955
        },
        "1": {
            "0": 0.8656032085418701,
            "1": 0.9536401629447937
        }
    }
}