{
    "confidence_score": 0.8249614834785461,
    "ptm": 0.7102904915809631,
    "iptm": 0.43970489501953125,
    "ligand_iptm": 0.0,
    "protein_iptm": 0.43970489501953125,
    "complex_plddt": 0.9212756156921387,
    "complex_iplddt": 0.8603697419166565,
    "complex_pde": 0.5056973099708557,
    "complex_ipde": 8.475567817687988,
    "chains_ptm": {
        "0": 0.9692180752754211,
        "1": 0.9750040769577026
    },
    "pair_chains_iptm": {
        "0": {
            "0": 0.9692180752754211,
            "1": 0.4243036210536957
        },
        "1": {
            "0": 0.43970489501953125,
            "1": 0.9750040769577026
        }
    }
}