{
    "confidence_score": 0.8039107322692871,
    "ptm": 0.6553149819374084,
    "iptm": 0.3439117968082428,
    "ligand_iptm": 0.0,
    "protein_iptm": 0.3439117968082428,
    "complex_plddt": 0.9189105033874512,
    "complex_iplddt": 0.8844411969184875,
    "complex_pde": 0.5603865385055542,
    "complex_ipde": 10.13769817352295,
    "chains_ptm": {
        "0": 0.9674078822135925,
        "1": 0.9774652719497681
    },
    "pair_chains_iptm": {
        "0": {
            "0": 0.9674078822135925,
            "1": 0.30680426955223083
        },
        "1": {
            "0": 0.3439117968082428,
            "1": 0.9774652719497681
        }
    }
}