{
    "confidence_score": 0.8362051248550415,
    "ptm": 0.7495685815811157,
    "iptm": 0.5197668075561523,
    "ligand_iptm": 0.0,
    "protein_iptm": 0.5197668075561523,
    "complex_plddt": 0.9153146743774414,
    "complex_iplddt": 0.8733890056610107,
    "complex_pde": 0.5833650231361389,
    "complex_ipde": 9.22585678100586,
    "chains_ptm": {
        "0": 0.9640486240386963,
        "1": 0.9710489511489868
    },
    "pair_chains_iptm": {
        "0": {
            "0": 0.9640486240386963,
            "1": 0.5120880603790283
        },
        "1": {
            "0": 0.5197668075561523,
            "1": 0.9710489511489868
        }
    }
}