{
    "confidence_score": 0.8614794015884399,
    "ptm": 0.7774907946586609,
    "iptm": 0.579707145690918,
    "ligand_iptm": 0.0,
    "protein_iptm": 0.579707145690918,
    "complex_plddt": 0.931922435760498,
    "complex_iplddt": 0.8935288190841675,
    "complex_pde": 0.47076836228370667,
    "complex_ipde": 7.372106552124023,
    "chains_ptm": {
        "0": 0.9690987467765808,
        "1": 0.976651132106781
    },
    "pair_chains_iptm": {
        "0": {
            "0": 0.9690987467765808,
            "1": 0.5649334192276001
        },
        "1": {
            "0": 0.579707145690918,
            "1": 0.976651132106781
        }
    }
}