{
    "confidence_score": 0.8044824600219727,
    "ptm": 0.6753671169281006,
    "iptm": 0.3535061478614807,
    "ligand_iptm": 0.0,
    "protein_iptm": 0.3535061478614807,
    "complex_plddt": 0.9172264933586121,
    "complex_iplddt": 0.8758147358894348,
    "complex_pde": 0.575843334197998,
    "complex_ipde": 10.362961769104004,
    "chains_ptm": {
        "0": 0.9704654216766357,
        "1": 0.976383626461029
    },
    "pair_chains_iptm": {
        "0": {
            "0": 0.9704654216766357,
            "1": 0.3521694242954254
        },
        "1": {
            "0": 0.3535061478614807,
            "1": 0.976383626461029
        }
    }
}