{
    "confidence_score": 0.7934020161628723,
    "ptm": 0.648423969745636,
    "iptm": 0.33243998885154724,
    "ligand_iptm": 0.0,
    "protein_iptm": 0.33243998885154724,
    "complex_plddt": 0.9086425304412842,
    "complex_iplddt": 0.8796085715293884,
    "complex_pde": 0.6336751580238342,
    "complex_ipde": 10.6598539352417,
    "chains_ptm": {
        "0": 0.9721429347991943,
        "1": 0.9712415933609009
    },
    "pair_chains_iptm": {
        "0": {
            "0": 0.9721429347991943,
            "1": 0.29714229702949524
        },
        "1": {
            "0": 0.33243998885154724,
            "1": 0.9712415933609009
        }
    }
}