{
    "confidence_score": 0.8247235417366028,
    "ptm": 0.7169168591499329,
    "iptm": 0.4404563903808594,
    "ligand_iptm": 0.0,
    "protein_iptm": 0.4404563903808594,
    "complex_plddt": 0.9207903146743774,
    "complex_iplddt": 0.8766400814056396,
    "complex_pde": 0.5391465425491333,
    "complex_ipde": 9.340636253356934,
    "chains_ptm": {
        "0": 0.9692404270172119,
        "1": 0.9771508574485779
    },
    "pair_chains_iptm": {
        "0": {
            "0": 0.9692404270172119,
            "1": 0.4404563903808594
        },
        "1": {
            "0": 0.438722163438797,
            "1": 0.9771508574485779
        }
    }
}