{
    "confidence_score": 0.8306042551994324,
    "ptm": 0.7183443307876587,
    "iptm": 0.46278923749923706,
    "ligand_iptm": 0.0,
    "protein_iptm": 0.46278923749923706,
    "complex_plddt": 0.9225580096244812,
    "complex_iplddt": 0.8630487322807312,
    "complex_pde": 0.49446287751197815,
    "complex_ipde": 6.690882205963135,
    "chains_ptm": {
        "0": 0.9696889519691467,
        "1": 0.9625729322433472
    },
    "pair_chains_iptm": {
        "0": {
            "0": 0.9696889519691467,
            "1": 0.46278923749923706
        },
        "1": {
            "0": 0.4348706305027008,
            "1": 0.9625729322433472
        }
    }
}