{
    "confidence_score": 0.7976977825164795,
    "ptm": 0.6390107274055481,
    "iptm": 0.3012695610523224,
    "ligand_iptm": 0.0,
    "protein_iptm": 0.3012695610523224,
    "complex_plddt": 0.9218048453330994,
    "complex_iplddt": 0.888401985168457,
    "complex_pde": 0.601528525352478,
    "complex_ipde": 11.69003963470459,
    "chains_ptm": {
        "0": 0.9675009250640869,
        "1": 0.9768070578575134
    },
    "pair_chains_iptm": {
        "0": {
            "0": 0.9675009250640869,
            "1": 0.2951817214488983
        },
        "1": {
            "0": 0.3012695610523224,
            "1": 0.9768070578575134
        }
    }
}