{
    "confidence_score": 0.8018719553947449,
    "ptm": 0.6592741012573242,
    "iptm": 0.32765063643455505,
    "ligand_iptm": 0.0,
    "protein_iptm": 0.32765063643455505,
    "complex_plddt": 0.9204272627830505,
    "complex_iplddt": 0.8625620603561401,
    "complex_pde": 0.5987347364425659,
    "complex_ipde": 11.497300148010254,
    "chains_ptm": {
        "0": 0.9664318561553955,
        "1": 0.975842297077179
    },
    "pair_chains_iptm": {
        "0": {
            "0": 0.9664318561553955,
            "1": 0.31905826926231384
        },
        "1": {
            "0": 0.32765063643455505,
            "1": 0.975842297077179
        }
    }
}