{
    "confidence_score": 0.8183746337890625,
    "ptm": 0.6823824644088745,
    "iptm": 0.38756513595581055,
    "ligand_iptm": 0.0,
    "protein_iptm": 0.38756513595581055,
    "complex_plddt": 0.9260770082473755,
    "complex_iplddt": 0.8865456581115723,
    "complex_pde": 0.5554674863815308,
    "complex_ipde": 10.225037574768066,
    "chains_ptm": {
        "0": 0.9685640931129456,
        "1": 0.976546585559845
    },
    "pair_chains_iptm": {
        "0": {
            "0": 0.9685640931129456,
            "1": 0.36841100454330444
        },
        "1": {
            "0": 0.38756513595581055,
            "1": 0.976546585559845
        }
    }
}