{
    "confidence_score": 0.8408496975898743,
    "ptm": 0.7637928128242493,
    "iptm": 0.5378304123878479,
    "ligand_iptm": 0.0,
    "protein_iptm": 0.5378304123878479,
    "complex_plddt": 0.9166044592857361,
    "complex_iplddt": 0.8684313893318176,
    "complex_pde": 0.5123845934867859,
    "complex_ipde": 7.6809773445129395,
    "chains_ptm": {
        "0": 0.9661984443664551,
        "1": 0.9742245674133301
    },
    "pair_chains_iptm": {
        "0": {
            "0": 0.9661984443664551,
            "1": 0.5378304123878479
        },
        "1": {
            "0": 0.4783899188041687,
            "1": 0.9742245674133301
        }
    }
}