{
    "confidence_score": 0.7957261204719543,
    "ptm": 0.6498120427131653,
    "iptm": 0.31539249420166016,
    "ligand_iptm": 0.0,
    "protein_iptm": 0.31539249420166016,
    "complex_plddt": 0.9158095121383667,
    "complex_iplddt": 0.8504047989845276,
    "complex_pde": 0.6097501516342163,
    "complex_ipde": 10.386200904846191,
    "chains_ptm": {
        "0": 0.9684939384460449,
        "1": 0.9705519676208496
    },
    "pair_chains_iptm": {
        "0": {
            "0": 0.9684939384460449,
            "1": 0.31539249420166016
        },
        "1": {
            "0": 0.31405600905418396,
            "1": 0.9705519676208496
        }
    }
}