{
    "confidence_score": 0.8099077343940735,
    "ptm": 0.6937974691390991,
    "iptm": 0.39411216974258423,
    "ligand_iptm": 0.0,
    "protein_iptm": 0.39411216974258423,
    "complex_plddt": 0.9138566255569458,
    "complex_iplddt": 0.875149130821228,
    "complex_pde": 0.5718948245048523,
    "complex_ipde": 9.876509666442871,
    "chains_ptm": {
        "0": 0.9674995541572571,
        "1": 0.9753018021583557
    },
    "pair_chains_iptm": {
        "0": {
            "0": 0.9674995541572571,
            "1": 0.3915753662586212
        },
        "1": {
            "0": 0.39411216974258423,
            "1": 0.9753018021583557
        }
    }
}