{
    "confidence_score": 0.8121418952941895,
    "ptm": 0.6846271753311157,
    "iptm": 0.36975592374801636,
    "ligand_iptm": 0.0,
    "protein_iptm": 0.36975592374801636,
    "complex_plddt": 0.9227383732795715,
    "complex_iplddt": 0.8885579109191895,
    "complex_pde": 0.5662577748298645,
    "complex_ipde": 9.766786575317383,
    "chains_ptm": {
        "0": 0.9670205116271973,
        "1": 0.976020097732544
    },
    "pair_chains_iptm": {
        "0": {
            "0": 0.9670205116271973,
            "1": 0.36975592374801636
        },
        "1": {
            "0": 0.352216511964798,
            "1": 0.976020097732544
        }
    }
}