{
    "confidence_score": 0.8655567169189453,
    "ptm": 0.8049610257148743,
    "iptm": 0.6210464835166931,
    "ligand_iptm": 0.0,
    "protein_iptm": 0.6210464835166931,
    "complex_plddt": 0.9266843199729919,
    "complex_iplddt": 0.8933845162391663,
    "complex_pde": 0.46735069155693054,
    "complex_ipde": 6.836118221282959,
    "chains_ptm": {
        "0": 0.9690706729888916,
        "1": 0.9767996072769165
    },
    "pair_chains_iptm": {
        "0": {
            "0": 0.9690706729888916,
            "1": 0.6210464835166931
        },
        "1": {
            "0": 0.6081357598304749,
            "1": 0.9767996072769165
        }
    }
}