{
    "confidence_score": 0.8266851305961609,
    "ptm": 0.7255772948265076,
    "iptm": 0.45434388518333435,
    "ligand_iptm": 0.0,
    "protein_iptm": 0.45434388518333435,
    "complex_plddt": 0.9197704792022705,
    "complex_iplddt": 0.874998152256012,
    "complex_pde": 0.570271372795105,
    "complex_ipde": 9.415671348571777,
    "chains_ptm": {
        "0": 0.9691866040229797,
        "1": 0.975737988948822
    },
    "pair_chains_iptm": {
        "0": {
            "0": 0.9691866040229797,
            "1": 0.45434388518333435
        },
        "1": {
            "0": 0.443867564201355,
            "1": 0.975737988948822
        }
    }
}