{
    "confidence_score": 0.8216884732246399,
    "ptm": 0.7016834020614624,
    "iptm": 0.44686660170555115,
    "ligand_iptm": 0.0,
    "protein_iptm": 0.44686660170555115,
    "complex_plddt": 0.9153939485549927,
    "complex_iplddt": 0.8773724436759949,
    "complex_pde": 0.573546826839447,
    "complex_ipde": 9.386452674865723,
    "chains_ptm": {
        "0": 0.96600341796875,
        "1": 0.974233865737915
    },
    "pair_chains_iptm": {
        "0": {
            "0": 0.96600341796875,
            "1": 0.44686660170555115
        },
        "1": {
            "0": 0.42282038927078247,
            "1": 0.974233865737915
        }
    }
}