{
    "confidence_score": 0.8475525975227356,
    "ptm": 0.7670673131942749,
    "iptm": 0.5380298495292664,
    "ligand_iptm": 0.0,
    "protein_iptm": 0.5380298495292664,
    "complex_plddt": 0.9249332547187805,
    "complex_iplddt": 0.8871277570724487,
    "complex_pde": 0.48153987526893616,
    "complex_ipde": 7.624765396118164,
    "chains_ptm": {
        "0": 0.9688478708267212,
        "1": 0.9764600992202759
    },
    "pair_chains_iptm": {
        "0": {
            "0": 0.9688478708267212,
            "1": 0.5380298495292664
        },
        "1": {
            "0": 0.528511643409729,
            "1": 0.9764600992202759
        }
    }
}