{
    "confidence_score": 0.8493338823318481,
    "ptm": 0.7795669436454773,
    "iptm": 0.5705950260162354,
    "ligand_iptm": 0.0,
    "protein_iptm": 0.5705950260162354,
    "complex_plddt": 0.919018566608429,
    "complex_iplddt": 0.8628222346305847,
    "complex_pde": 0.5033534169197083,
    "complex_ipde": 7.2128190994262695,
    "chains_ptm": {
        "0": 0.9688829183578491,
        "1": 0.9751445651054382
    },
    "pair_chains_iptm": {
        "0": {
            "0": 0.9688829183578491,
            "1": 0.5705950260162354
        },
        "1": {
            "0": 0.5423519611358643,
            "1": 0.9751445651054382
        }
    }
}