{
    "confidence_score": 0.8411421775817871,
    "ptm": 0.7615494728088379,
    "iptm": 0.5290207266807556,
    "ligand_iptm": 0.0,
    "protein_iptm": 0.5290207266807556,
    "complex_plddt": 0.9191725850105286,
    "complex_iplddt": 0.8726851344108582,
    "complex_pde": 0.5547205209732056,
    "complex_ipde": 8.878119468688965,
    "chains_ptm": {
        "0": 0.9700783491134644,
        "1": 0.9770033359527588
    },
    "pair_chains_iptm": {
        "0": {
            "0": 0.9700783491134644,
            "1": 0.5290207266807556
        },
        "1": {
            "0": 0.5093223452568054,
            "1": 0.9770033359527588
        }
    }
}