{
    "confidence_score": 0.8045506477355957,
    "ptm": 0.6854653358459473,
    "iptm": 0.4011555016040802,
    "ligand_iptm": 0.0,
    "protein_iptm": 0.4011555016040802,
    "complex_plddt": 0.9053993821144104,
    "complex_iplddt": 0.858099102973938,
    "complex_pde": 0.5697683095932007,
    "complex_ipde": 9.34562873840332,
    "chains_ptm": {
        "0": 0.9671022295951843,
        "1": 0.9724553823471069
    },
    "pair_chains_iptm": {
        "0": {
            "0": 0.9671022295951843,
            "1": 0.37743183970451355
        },
        "1": {
            "0": 0.4011555016040802,
            "1": 0.9724553823471069
        }
    }
}