{
    "confidence_score": 0.8185664415359497,
    "ptm": 0.7021510004997253,
    "iptm": 0.40534669160842896,
    "ligand_iptm": 0.0,
    "protein_iptm": 0.40534669160842896,
    "complex_plddt": 0.9218713045120239,
    "complex_iplddt": 0.8899447321891785,
    "complex_pde": 0.6064977049827576,
    "complex_ipde": 10.67234992980957,
    "chains_ptm": {
        "0": 0.969834566116333,
        "1": 0.9774346351623535
    },
    "pair_chains_iptm": {
        "0": {
            "0": 0.969834566116333,
            "1": 0.40534669160842896
        },
        "1": {
            "0": 0.37005069851875305,
            "1": 0.9774346351623535
        }
    }
}