{
    "confidence_score": 0.8490619659423828,
    "ptm": 0.7527452707290649,
    "iptm": 0.5164197683334351,
    "ligand_iptm": 0.0,
    "protein_iptm": 0.5164197683334351,
    "complex_plddt": 0.9322225451469421,
    "complex_iplddt": 0.9001905918121338,
    "complex_pde": 0.4904260039329529,
    "complex_ipde": 8.617152214050293,
    "chains_ptm": {
        "0": 0.9670713543891907,
        "1": 0.9759227633476257
    },
    "pair_chains_iptm": {
        "0": {
            "0": 0.9670713543891907,
            "1": 0.5158953070640564
        },
        "1": {
            "0": 0.5164197683334351,
            "1": 0.9759227633476257
        }
    }
}