{
    "confidence_score": 0.8254842162132263,
    "ptm": 0.72574782371521,
    "iptm": 0.4614982604980469,
    "ligand_iptm": 0.0,
    "protein_iptm": 0.4614982604980469,
    "complex_plddt": 0.9164806604385376,
    "complex_iplddt": 0.8642703890800476,
    "complex_pde": 0.5611631870269775,
    "complex_ipde": 9.104921340942383,
    "chains_ptm": {
        "0": 0.9710730314254761,
        "1": 0.9743536114692688
    },
    "pair_chains_iptm": {
        "0": {
            "0": 0.9710730314254761,
            "1": 0.4614982604980469
        },
        "1": {
            "0": 0.439363956451416,
            "1": 0.9743536114692688
        }
    }
}