{
    "confidence_score": 0.8597776293754578,
    "ptm": 0.7859834432601929,
    "iptm": 0.580926775932312,
    "ligand_iptm": 0.0,
    "protein_iptm": 0.580926775932312,
    "complex_plddt": 0.9294903874397278,
    "complex_iplddt": 0.8835119605064392,
    "complex_pde": 0.4688108563423157,
    "complex_ipde": 7.194758892059326,
    "chains_ptm": {
        "0": 0.9697109460830688,
        "1": 0.9769279956817627
    },
    "pair_chains_iptm": {
        "0": {
            "0": 0.9697109460830688,
            "1": 0.580926775932312
        },
        "1": {
            "0": 0.5643855333328247,
            "1": 0.9769279956817627
        }
    }
}