{
    "confidence_score": 0.8297905325889587,
    "ptm": 0.7180051207542419,
    "iptm": 0.4710102677345276,
    "ligand_iptm": 0.0,
    "protein_iptm": 0.4710102677345276,
    "complex_plddt": 0.9194855690002441,
    "complex_iplddt": 0.8640189170837402,
    "complex_pde": 0.5927044153213501,
    "complex_ipde": 9.545734405517578,
    "chains_ptm": {
        "0": 0.9684494137763977,
        "1": 0.9714924097061157
    },
    "pair_chains_iptm": {
        "0": {
            "0": 0.9684494137763977,
            "1": 0.4477561116218567
        },
        "1": {
            "0": 0.4710102677345276,
            "1": 0.9714924097061157
        }
    }
}