{
    "confidence_score": 0.8384220004081726,
    "ptm": 0.713060736656189,
    "iptm": 0.44424599409103394,
    "ligand_iptm": 0.0,
    "protein_iptm": 0.44424599409103394,
    "complex_plddt": 0.9369660019874573,
    "complex_iplddt": 0.901655912399292,
    "complex_pde": 0.5001878142356873,
    "complex_ipde": 8.67121696472168,
    "chains_ptm": {
        "0": 0.9705644845962524,
        "1": 0.9754565954208374
    },
    "pair_chains_iptm": {
        "0": {
            "0": 0.9705644845962524,
            "1": 0.44424599409103394
        },
        "1": {
            "0": 0.4424263834953308,
            "1": 0.9754565954208374
        }
    }
}